user,gnb,beam,bps
0,6,0,57116.67350714793
1,5,4,126626.0641467594
2,1,7,75316.66293054553
3,6,3,90238.57311818952
4,6,6,45070.7657750927
5,5,0,55844.46850186845
6,3,2,236484.9715338661
7,4,3,47644.237642893975
8,0,2,78788.73937573918
9,1,1,108213.53300274056
